Contract Address,Interactions
0x896209A56d3cD1Ee236283a3F60DEbA1ACD52BE8,1689
0xb1d9F06299fc23fBd14E61acF7EBc9f734F439e4,1657
0x7bf33993B9C49370cB69F201b63f48DFb57F30B0,1654
0x9f575aEF62Ade76d04Ae59Bf86eDF12fc521B70F,1628
0xEB3aA9bc3b138ba608754e85bc5CE66af54a9121,1627
0xC3aBa9D5c66c7F01113694Df12ed4833D475C6e5,1624
0x74FDDDeB4393B97F8f428d64678e45a70a23a7b5,1620
0x06fB73D22b6b3ea2e2Fe8de1631B2c8548bdD687,1611
0x764C112E9957Dc21147695C50fC868Bdc22b85ca,1609
0x7411704DA13F8765C4b0f671F0b7b277Dbb7BaDB,1606
0x0FbbC319D1B1D48E6E30f6046BDc04a06436365C,1604
0xF2d72392E23B29fBBd87618D0c32Ae8E90be9f55,1579
0x0c0e8aC46998eA62B1AE2a0d501c7a3445141139,1564
0x35a312Eb356506f3E8b9B3F0777c79Bc1C7a5ac9,1561
0x3d91c3926392791F93022d09f8f22a7552ade483,1535
